{"DefaultTint":{"r":0.6000000238418579,"g":0.6000000238418579,"b":0.699999988079071,"a":0.699999988079071},"FoldersData":{"Keys":["6400a6a74d91c074fa7e231a8cae897b","cd8f269629aa347449c14f62adc4b3e4"],"Values":[{"_guid":"6400a6a74d91c074fa7e231a8cae897b","_color":{"r":0.24000000953674317,"g":0.800000011920929,"b":0.6778786778450012,"a":0.699999988079071},"_recursive":true},{"_guid":"cd8f269629aa347449c14f62adc4b3e4","_color":{"r":0.652364194393158,"g":0.800000011920929,"b":0.24000000953674317,"a":0.3921568691730499},"_recursive":true}]}}